<?xml version="1.0" encoding="UTF-8"?>
<con:soapui-project id="26d9d308-28d2-43c7-9780-2f838d2d5f3b" activeEnvironment="Default" name="My Second Project" resourceRoot="" soapui-version="5.5.0" xmlns:con="http://eviware.com/soapui/config"><con:settings/><con:interface xsi:type="con:WsdlInterface" id="cb333aa6-bfb1-4c45-8804-5de468940d1f" wsaVersion="NONE" name="NumberConversionSoapBinding" type="wsdl" bindingName="{http://www.dataaccess.com/webservicesserver/}NumberConversionSoapBinding" soapVersion="1_1" anonymous="optional" definition="http://www.dataaccess.com/webservicesserver/numberconversion.wso?WSDL" xmlns:xsi="http://www.w3.org/2001/XMLSchema-instance"><con:settings/><con:definitionCache/><con:endpoints><con:endpoint>http://www.dataaccess.com/webservicesserver/numberconversion.wso</con:endpoint></con:endpoints><con:operation id="0e632f8f-23d7-4a7b-8015-1df5c7f428da" isOneWay="false" action="" name="NumberToDollars" bindingOperationName="NumberToDollars" type="Request-Response" inputName="" receivesAttachments="false" sendsAttachments="false" anonymous="optional"><con:settings/><con:call id="76ba9b87-d35b-4a15-8f5a-aa6adeda3677" name="Request 1"><con:settings/><con:encoding>UTF-8</con:encoding><con:endpoint>http://www.dataaccess.com/webservicesserver/numberconversion.wso</con:endpoint><con:request><![CDATA[<soapenv:Envelope xmlns:soapenv="http://schemas.xmlsoap.org/soap/envelope/" xmlns:web="http://www.dataaccess.com/webservicesserver/">\r
   <soapenv:Header/>\r
   <soapenv:Body>\r
      <web:NumberToDollars>\r
         <web:dNum>?</web:dNum>\r
      </web:NumberToDollars>\r
   </soapenv:Body>\r
</soapenv:Envelope>]]></con:request><con:wsaConfig mustUnderstand="NONE" version="200508" action="http://www.dataaccess.com/webservicesserver/NumberConversionSoapType/NumberToDollarsRequest"/></con:call></con:operation><con:operation id="776d2497-7d9d-4e9b-a9c2-9da5c7b8a9d4" isOneWay="false" action="" name="NumberToWords" bindingOperationName="NumberToWords" type="Request-Response" inputName="" receivesAttachments="false" sendsAttachments="false" anonymous="optional"><con:settings/><con:call id="864fbdd9-ed42-446a-84c7-d576ec49b17e" name="Request 1"><con:settings><con:setting id="com.eviware.soapui.impl.wsdl.WsdlRequest@request-headers">&lt;xml-fragment/></con:setting></con:settings><con:encoding>UTF-8</con:encoding><con:endpoint>http://www.dataaccess.com/webservicesserver/numberconversion.wso</con:endpoint><con:request><![CDATA[<soapenv:Envelope xmlns:soapenv="http://schemas.xmlsoap.org/soap/envelope/" xmlns:web="http://www.dataaccess.com/webservicesserver/">\r
   <soapenv:Header/>\r
   <soapenv:Body>\r
      <web:NumberToWords>\r
         <web:ubiNum>12</web:ubiNum>\r
      </web:NumberToWords>\r
   </soapenv:Body>\r
</soapenv:Envelope>]]></con:request><con:credentials><con:authType>No Authorization</con:authType></con:credentials><con:jmsConfig JMSDeliveryMode="PERSISTENT"/><con:jmsPropertyConfig/><con:wsaConfig mustUnderstand="NONE" version="200508" action="http://www.dataaccess.com/webservicesserver/NumberConversionSoapType/NumberToWordsRequest"/><con:wsrmConfig version="1.2"/></con:call></con:operation></con:interface><con:interface xsi:type="con:WsdlInterface" id="b88ebf63-8447-4404-a211-6722b2eb736c" wsaVersion="NONE" name="NumberConversionSoapBinding12" type="wsdl" bindingName="{http://www.dataaccess.com/webservicesserver/}NumberConversionSoapBinding12" soapVersion="1_2" anonymous="optional" definition="http://www.dataaccess.com/webservicesserver/numberconversion.wso?WSDL" xmlns:xsi="http://www.w3.org/2001/XMLSchema-instance"><con:settings/><con:definitionCache type="TEXT" rootPart="http://www.dataaccess.com/webservicesserver/numberconversion.wso?WSDL"><con:part><con:url>http://www.dataaccess.com/webservicesserver/numberconversion.wso?WSDL</con:url><con:content><![CDATA[<definitions name="NumberConversion" targetNamespace="http://www.dataaccess.com/webservicesserver/" xmlns="http://schemas.xmlsoap.org/wsdl/" xmlns:xs="http://www.w3.org/2001/XMLSchema" xmlns:soap="http://schemas.xmlsoap.org/wsdl/soap/" xmlns:soap12="http://schemas.xmlsoap.org/wsdl/soap12/" xmlns:tns="http://www.dataaccess.com/webservicesserver/">
  <types>
    <xs:schema elementFormDefault="qualified" targetNamespace="http://www.dataaccess.com/webservicesserver/">
      <xs:element name="NumberToWords">
        <xs:complexType>
          <xs:sequence>
            <xs:element name="ubiNum" type="xs:unsignedLong"/>
          </xs:sequence>
        </xs:complexType>
      </xs:element>
      <xs:element name="NumberToWordsResponse">
        <xs:complexType>
          <xs:sequence>
            <xs:element name="NumberToWordsResult" type="xs:string"/>
          </xs:sequence>
        </xs:complexType>
      </xs:element>
      <xs:element name="NumberToDollars">
        <xs:complexType>
          <xs:sequence>
            <xs:element name="dNum" type="xs:decimal"/>
          </xs:sequence>
        </xs:complexType>
      </xs:element>
      <xs:element name="NumberToDollarsResponse">
        <xs:complexType>
          <xs:sequence>
            <xs:element name="NumberToDollarsResult" type="xs:string"/>
          </xs:sequence>
        </xs:complexType>
      </xs:element>
    </xs:schema>
  </types>
  <message name="NumberToWordsSoapRequest">
    <part name="parameters" element="tns:NumberToWords"/>
  </message>
  <message name="NumberToWordsSoapResponse">
    <part name="parameters" element="tns:NumberToWordsResponse"/>
  </message>
  <message name="NumberToDollarsSoapRequest">
    <part name="parameters" element="tns:NumberToDollars"/>
  </message>
  <message name="NumberToDollarsSoapResponse">
    <part name="parameters" element="tns:NumberToDollarsResponse"/>
  </message>
  <portType name="NumberConversionSoapType">
    <operation name="NumberToWords">
      <documentation>Returns the word corresponding to the positive number passed as parameter. Limited to quadrillions.</documentation>
      <input message="tns:NumberToWordsSoapRequest"/>
      <output message="tns:NumberToWordsSoapResponse"/>
    </operation>
    <operation name="NumberToDollars">
      <documentation>Returns the non-zero dollar amount of the passed number.</documentation>
      <input message="tns:NumberToDollarsSoapRequest"/>
      <output message="tns:NumberToDollarsSoapResponse"/>
    </operation>
  </portType>
  <binding name="NumberConversionSoapBinding" type="tns:NumberConversionSoapType">
    <soap:binding style="document" transport="http://schemas.xmlsoap.org/soap/http"/>
    <operation name="NumberToWords">
      <soap:operation soapAction="" style="document"/>
      <input>
        <soap:body use="literal"/>
      </input>
      <output>
        <soap:body use="literal"/>
      </output>
    </operation>
    <operation name="NumberToDollars">
      <soap:operation soapAction="" style="document"/>
      <input>
        <soap:body use="literal"/>
      </input>
      <output>
        <soap:body use="literal"/>
      </output>
    </operation>
  </binding>
  <binding name="NumberConversionSoapBinding12" type="tns:NumberConversionSoapType">
    <soap12:binding style="document" transport="http://schemas.xmlsoap.org/soap/http"/>
    <operation name="NumberToWords">
      <soap12:operation soapAction="" style="document"/>
      <input>
        <soap12:body use="literal"/>
      </input>
      <output>
        <soap12:body use="literal"/>
      </output>
    </operation>
    <operation name="NumberToDollars">
      <soap12:operation soapAction="" style="document"/>
      <input>
        <soap12:body use="literal"/>
      </input>
      <output>
        <soap12:body use="literal"/>
      </output>
    </operation>
  </binding>
  <service name="NumberConversion">
    <documentation>The Number Conversion Web Service, implemented with DataFlex, provides functions that convert numbers into words or dollar amounts.</documentation>
    <port name="NumberConversionSoap" binding="tns:NumberConversionSoapBinding">
      <soap:address location="http://www.dataaccess.com/webservicesserver/numberconversion.wso"/>
    </port>
    <port name="NumberConversionSoap12" binding="tns:NumberConversionSoapBinding12">
      <soap12:address location="http://www.dataaccess.com/webservicesserver/numberconversion.wso"/>
    </port>
  </service>
</definitions>]]></con:content><con:type>http://schemas.xmlsoap.org/wsdl/</con:type></con:part></con:definitionCache><con:endpoints><con:endpoint>http://www.dataaccess.com/webservicesserver/numberconversion.wso</con:endpoint></con:endpoints><con:operation id="a2acbf68-0627-46eb-aa61-fa13560ed55e" isOneWay="false" action="" name="NumberToDollars" bindingOperationName="NumberToDollars" type="Request-Response" inputName="" receivesAttachments="false" sendsAttachments="false" anonymous="optional"><con:settings/><con:call id="ed30432d-abeb-465e-8736-dbff58c69c07" name="Request 1"><con:settings/><con:encoding>UTF-8</con:encoding><con:endpoint>http://www.dataaccess.com/webservicesserver/numberconversion.wso</con:endpoint><con:request><![CDATA[<soap:Envelope xmlns:soap="http://www.w3.org/2003/05/soap-envelope" xmlns:web="http://www.dataaccess.com/webservicesserver/">\r
   <soap:Header/>\r
   <soap:Body>\r
      <web:NumberToDollars>\r
         <web:dNum>?</web:dNum>\r
      </web:NumberToDollars>\r
   </soap:Body>\r
</soap:Envelope>]]></con:request><con:wsaConfig mustUnderstand="NONE" version="200508" action="http://www.dataaccess.com/webservicesserver/NumberConversionSoapType/NumberToDollarsRequest"/></con:call></con:operation><con:operation id="61a16ac9-5c4b-4b34-9a92-cd4bdce816c0" isOneWay="false" action="" name="NumberToWords" bindingOperationName="NumberToWords" type="Request-Response" inputName="" receivesAttachments="false" sendsAttachments="false" anonymous="optional"><con:settings/><con:call id="506cc856-e7e7-4d8b-8f76-c6495f5f2810" name="Request 1"><con:settings/><con:encoding>UTF-8</con:encoding><con:endpoint>http://www.dataaccess.com/webservicesserver/numberconversion.wso</con:endpoint><con:request><![CDATA[<soap:Envelope xmlns:soap="http://www.w3.org/2003/05/soap-envelope" xmlns:web="http://www.dataaccess.com/webservicesserver/">\r
   <soap:Header/>\r
   <soap:Body>\r
      <web:NumberToWords>\r
         <web:ubiNum>?</web:ubiNum>\r
      </web:NumberToWords>\r
   </soap:Body>\r
</soap:Envelope>]]></con:request><con:wsaConfig mustUnderstand="NONE" version="200508" action="http://www.dataaccess.com/webservicesserver/NumberConversionSoapType/NumberToWordsRequest"/></con:call></con:operation></con:interface><con:properties/><con:wssContainer/><con:oAuth2ProfileContainer/><con:oAuth1ProfileContainer/><con:sensitiveInformation/></con:soapui-project>