<?xml version="1.0" encoding="UTF-8"?>
<con:soapui-project id="d41b3f31-2340-4418-a9e4-35289949af2b" activeEnvironment="Default" name="API Gateway" resourceRoot="" soapui-version="5.5.0" xmlns:con="http://eviware.com/soapui/config"><con:settings/><con:interface xsi:type="con:RestService" id="e515f02d-baed-4099-9d35-cdd5075a59cd" wadlVersion="http://wadl.dev.java.net/2009/02" name="http://localhost:3000" type="rest" xmlns:xsi="http://www.w3.org/2001/XMLSchema-instance"><con:settings/><con:definitionCache/><con:endpoints><con:endpoint>http://localhost:3000</con:endpoint></con:endpoints><con:resource name="" path="" id="6f6c4d71-3e18-4946-8d03-63e501cba480"><con:settings/><con:parameters/><con:resource name="register" path="/api/auth/register" id="5f2dadbd-02a6-4200-824a-d765dc7cf02c"><con:settings/><con:parameters/><con:method name="Method 1" id="8986fc15-b304-44eb-a2cf-293315cd976d" method="POST"><con:settings/><con:parameters/><con:representation type="FAULT"><con:mediaType>text/html; charset=utf-8</con:mediaType><con:status>404 500</con:status><con:params/><con:element>html</con:element></con:representation><con:representation type="REQUEST"><con:mediaType>application/x-www-form-urlencoded</con:mediaType><con:params/></con:representation><con:representation type="RESPONSE"><con:mediaType>application/json; charset=utf-8</con:mediaType><con:status>200</con:status><con:params/><con:element xmlns:reg="http://localhost/auth/api/register">reg:Response</con:element></con:representation><con:request name="Request 1" id="2398c305-d8a4-4266-85c4-9d67107b431d" mediaType="application/x-www-form-urlencoded" postQueryString="false"><con:settings><con:setting id="com.eviware.soapui.impl.wsdl.WsdlRequest@request-headers">&lt;xml-fragment/></con:setting></con:settings><con:endpoint>http://localhost:3000</con:endpoint><con:request>grant_type=password&amp;username=chris&amp;password=chris&amp;email=chris</con:request><con:originalUri>http://localhost/auth/api/register</con:originalUri><con:credentials><con:authType>No Authorization</con:authType></con:credentials><con:jmsConfig JMSDeliveryMode="PERSISTENT"/><con:jmsPropertyConfig/><con:parameters/></con:request></con:method></con:resource><con:resource name="token" path="/api/auth/token" id="0d60ee0d-2665-4c43-aade-ec34fe4071bb"><con:settings/><con:parameters/><con:method name="Method 1" id="f65c7375-f900-4b16-878e-3ae915922bd9" method="GET"><con:settings/><con:parameters/><con:representation type="FAULT"><con:mediaType>text/html; charset=utf-8</con:mediaType><con:status>500</con:status><con:params/><con:element>html</con:element></con:representation><con:request name="Request 1" id="223f09ec-1334-4127-8618-b6344494d09d" mediaType="application/json"><con:settings><con:setting id="com.eviware.soapui.impl.wsdl.WsdlRequest@request-headers">&lt;entry key="x-access-token" value="eyJhbGciOiJIUzI1NiIsInR5cCI6IkpXVCJ9.eyJpZCI6IjVlZDI5Mjk3MmQyYTE1ODk0MDI2Zjg3NyIsImlhdCI6MTU5MDg1ODM5MSwiZXhwIjoxNTkwOTQ0NzkxfQ.ADMOneUkVw4ArFzq6cY5dUWnxdOtI90Ky0HZAkqAjvo" xmlns="http://eviware.com/soapui/config"/></con:setting></con:settings><con:endpoint>http://localhost:3000</con:endpoint><con:request/><con:originalUri>http://localhost/api/auth/token</con:originalUri><con:credentials><con:authType>No Authorization</con:authType></con:credentials><con:jmsConfig JMSDeliveryMode="PERSISTENT"/><con:jmsPropertyConfig/><con:parameters/></con:request></con:method></con:resource><con:resource name="login" path="/api/auth/login" id="82b003ac-10ef-4f51-afca-a68cd9648d52"><con:settings/><con:parameters/><con:method name="Method 1" id="e3f943fc-2c08-4e22-ba36-4bdf2e4c547d" method="POST"><con:settings/><con:parameters/><con:representation type="REQUEST"><con:mediaType>x-www-form-urlencoded</con:mediaType><con:params/></con:representation><con:representation type="FAULT"><con:mediaType>text/html; charset=utf-8</con:mediaType><con:status>500</con:status><con:params/><con:element>html</con:element></con:representation><con:request name="Request 1" id="328134bc-0964-4a27-b8ad-9be8ff026a50" mediaType="x-www-form-urlencoded" postQueryString="false"><con:settings><con:setting id="com.eviware.soapui.impl.wsdl.WsdlRequest@request-headers">&lt;xml-fragment/></con:setting></con:settings><con:endpoint>http://localhost:3000</con:endpoint><con:request>grant_type=password&amp;username=brian&amp;password=brian&amp;email=brian</con:request><con:originalUri>http://localhost/api/auth/login</con:originalUri><con:credentials><con:authType>No Authorization</con:authType></con:credentials><con:jmsConfig JMSDeliveryMode="PERSISTENT"/><con:jmsPropertyConfig/><con:parameters/></con:request></con:method></con:resource><con:resource name="logout" path="/api/auth/logout" id="abbf9c39-1256-4f08-8bd4-740936ca706a"><con:settings/><con:parameters/><con:method name="Method 1" id="f06c7262-0a6a-410c-b1a2-b0a032eff266" method="GET"><con:settings/><con:parameters/><con:representation type="FAULT"><con:mediaType>text/html; charset=utf-8</con:mediaType><con:status>404</con:status><con:params/><con:element>html</con:element></con:representation><con:request name="Request 1" id="aa36c215-bc40-442f-a785-a67eb9d5cdb0" mediaType="application/json"><con:settings><con:setting id="com.eviware.soapui.impl.wsdl.WsdlRequest@request-headers">&lt;xml-fragment/></con:setting></con:settings><con:endpoint>http://localhost:3000</con:endpoint><con:request/><con:originalUri>http://localhost/api/auth/logout</con:originalUri><con:credentials><con:authType>No Authorization</con:authType></con:credentials><con:jmsConfig JMSDeliveryMode="PERSISTENT"/><con:jmsPropertyConfig/><con:parameters/></con:request></con:method></con:resource></con:resource></con:interface><con:properties/><con:wssContainer/><con:oAuth2ProfileContainer/><con:oAuth1ProfileContainer/><con:sensitiveInformation/></con:soapui-project>